{
  "selected_run": 1,
  "best_val_auc": 0.9274970382759069,
  "best_threshold(F1)": 0.825,
  "fixed_best_params": {
    "C": 15.848931924611142,
    "l1_ratio": 0.5,
    "penalty": "elasticnet"
  },
  "n_runs": 10,
  "run_records_top3": [
    {
      "run": 1,
      "val_auc": 0.9274970382759069,
      "val_acc@0.5": 0.8671768829125241,
      "val_f1@0.5": 0.483659888408994,
      "val_recall@0.5": 0.8477483917083631,
      "val_precision@0.5": 0.33834742465895534
    },
    {
      "run": 6,
      "val_auc": 0.9274970364367391,
      "val_acc@0.5": 0.8671768829125241,
      "val_f1@0.5": 0.483659888408994,
      "val_recall@0.5": 0.8477483917083631,
      "val_precision@0.5": 0.33834742465895534
    },
    {
      "run": 0,
      "val_auc": 0.9274970337615858,
      "val_acc@0.5": 0.8671768829125241,
      "val_f1@0.5": 0.483659888408994,
      "val_recall@0.5": 0.8477483917083631,
      "val_precision@0.5": 0.33834742465895534
    }
  ]
}