{
  "selected_run": 3,
  "best_val_auc": 0.9073406167810987,
  "best_threshold(F1)": 0.675,
  "fixed_best_params": {
    "C": 0.06309573444801933,
    "penalty": "l1"
  },
  "n_runs": 10,
  "run_records_top3": [
    {
      "run": 3,
      "val_auc": 0.9073406167810987,
      "val_acc@0.5": 0.836126843206286,
      "val_f1@0.5": 0.5848440782032639,
      "val_recall@0.5": 0.8342398819950216,
      "val_precision@0.5": 0.45024380535376657
    },
    {
      "run": 1,
      "val_auc": 0.9073405935793692,
      "val_acc@0.5": 0.836126843206286,
      "val_f1@0.5": 0.5848440782032639,
      "val_recall@0.5": 0.8342398819950216,
      "val_precision@0.5": 0.45024380535376657
    },
    {
      "run": 8,
      "val_auc": 0.9073405287510078,
      "val_acc@0.5": 0.836126843206286,
      "val_f1@0.5": 0.5848440782032639,
      "val_recall@0.5": 0.8342398819950216,
      "val_precision@0.5": 0.45024380535376657
    }
  ]
}