{
  "selected_run": 3,
  "best_val_auc": 0.9089360898441824,
  "best_threshold(F1)": 0.7,
  "fixed_best_params": {
    "colsample_bytree": 0.8,
    "min_child_samples": 100,
    "num_leaves": 31,
    "reg_lambda": 1.0,
    "subsample": 0.8
  },
  "n_runs": 10,
  "run_records_top3": [
    {
      "run": 3,
      "val_auc": 0.9089360898441824,
      "val_acc@0.5": 0.8170697484565539,
      "val_f1@0.5": 0.5686009084619318,
      "val_recall@0.5": 0.871300820503365,
      "val_precision@0.5": 0.4219949991069834,
      "best_iteration": 74
    },
    {
      "run": 0,
      "val_auc": 0.9089152697040745,
      "val_acc@0.5": 0.8195060972498597,
      "val_f1@0.5": 0.5707959233195826,
      "val_recall@0.5": 0.867428782151747,
      "val_precision@0.5": 0.42534243479047057,
      "best_iteration": 70
    },
    {
      "run": 2,
      "val_auc": 0.9088898638103933,
      "val_acc@0.5": 0.8178095821215368,
      "val_f1@0.5": 0.5691532683780278,
      "val_recall@0.5": 0.8697335668848529,
      "val_precision@0.5": 0.42297345767575323,
      "best_iteration": 78
    }
  ],
  "best_iteration": 0
}