{
  "selected_run": 4,
  "best_val_auc": 0.9196755099626531,
  "best_threshold(F1)": 0.7999999999999999,
  "fixed_best_params": {
    "C": 15.848931924611142,
    "l1_ratio": 0.5,
    "penalty": "elasticnet"
  },
  "n_runs": 10,
  "run_records_top3": [
    {
      "run": 4,
      "val_auc": 0.9196755099626531,
      "val_acc@0.5": 0.8617313973726247,
      "val_f1@0.5": 0.47106036008099084,
      "val_recall@0.5": 0.8390408733510949,
      "val_precision@0.5": 0.3274497869750457
    },
    {
      "run": 2,
      "val_auc": 0.9196748266281792,
      "val_acc@0.5": 0.8617313973726247,
      "val_f1@0.5": 0.47106036008099084,
      "val_recall@0.5": 0.8390408733510949,
      "val_precision@0.5": 0.3274497869750457
    },
    {
      "run": 5,
      "val_auc": 0.919674697384835,
      "val_acc@0.5": 0.8617313973726247,
      "val_f1@0.5": 0.47106036008099084,
      "val_recall@0.5": 0.8390408733510949,
      "val_precision@0.5": 0.3274497869750457
    }
  ]
}